Particpant,Task,R1,R2,R3,R4,R5,R6,R7,R8
P1-B-CCM,B,97.8998384491115,79.9373040752351,95.4869358669834,94.2008486562942,83.1556503198295,94.0092165898618,86.25,97.2972972972974
P2-B-CCM,B,91.2650602409638,79.81220657277,108.355795148248,103.90015600624,126.623376623377,124.770642201835,129.984301412873,140.119760479042
P3-B-CCM,A,71.3242961418144,75.4491017964072,84.9829351535837,87.17277486911,80.9815950920246,95.0495049504951,104.105960264901,NA
P4-B-CCM,A,76.7676767676768,134.042553191489,137.190082644628,94.468085106383,65.5629139072848,138.628158844765,194.554455445544,114.492753623188
P6-B-CCM,A,62.9834254143646,NA,84.1216216216216,86.6059817945384,78.727634194831,84.0262582056892,82.8240252897787,NA
P7-B-CCM,B,NA,167.763157894737,191.428571428571,191.379310344828,203.125,159.06432748538,138,148.335974643423
P8-B-CCM,B,103.945111492281,81.7307692307692,71.7857142857143,NA,100,NA,NA,105.050505050505
P9-B-CCM,A,NA,132.911392405063,203.265306122449,170.332480818414,218.78453038674,250.980392156863,297.727272727272,248.167539267015
P10-B-CCM,B,NA,70.7350901525659,45.578231292517,83.3541927409261,NA,115.417256011315,NA,117.587939698492