Particpant,Task,R1,R2,R3,R4,R5,R6,R7,R8
P1-B-GCM,A,49.7816593886463,66.6666666666667,97.265625,81.219512195122,53.8043478260869,52.9655172413793,70.4301075268817,34.4978165938865
P2-B-GCM,A,71.6981132075472,94.4527736131934,89.247311827957,90.2439024390244,94.9640287769784,89.9297423887587,107.08446866485,113.942307692308
P3-B-GCM,B,49.5908346972177,49.1803278688525,58.8579795021962,69.4473409801877,46.8187274909964,70.6493506493507,71.875,64.2415923129718
P4-B-GCM,B,76.1306532663317,95.1492537313433,62.7145085803432,63.2478632478632,101.036269430052,121.791044776119,139.629005059022,132.390381895332
P6-B-GCM,B,59.2375366568915,NA,52.2077922077922,56.8259385665529,NA,75.9776536312849,67.481662591687,87.2320596458527
P7-B-GCM,A,NA,NA,171.724137931034,147.019867549669,151.145038167939,163.404255319149,147.744360902256,153.896103896104
P8-B-GCM,A,62.6373626373626,NA,94.1398865784498,62.1848739495799,57.3082489146165,83.4782608695652,114.744525547445,61.39896373057
P9-B-GCM,B,92.3780487804878,172.297297297297,98.5294117647059,NA,186.602870813397,126.905132192846,117.948717948718,118.331226295828
P10-B-GCM,A,NA,NA,86.6086956521739,88.2119205298013,52.5198938992043,90.3529411764706,84.789644012945,90.2857142857143